-- phpMyAdmin SQL Dump
-- version 4.9.11
-- https://www.phpmyadmin.net/
--
-- Host: localhost:3306
-- Generation Time: Mar 08, 2023 at 08:40 AM
-- Server version: 5.7.41
-- PHP Version: 7.4.33

SET SQL_MODE = "NO_AUTO_VALUE_ON_ZERO";
SET AUTOCOMMIT = 0;
START TRANSACTION;
SET time_zone = "+00:00";


/*!40101 SET @OLD_CHARACTER_SET_CLIENT=@@CHARACTER_SET_CLIENT */;
/*!40101 SET @OLD_CHARACTER_SET_RESULTS=@@CHARACTER_SET_RESULTS */;
/*!40101 SET @OLD_COLLATION_CONNECTION=@@COLLATION_CONNECTION */;
/*!40101 SET NAMES utf8mb4 */;

--
-- Database: `theikdimaung_drinkingwater`
--

-- --------------------------------------------------------

--
-- Table structure for table `customer`
--

CREATE TABLE `customer` (
  `customer_id` int(11) NOT NULL,
  `customer_name` varchar(20) NOT NULL,
  `customer_phone` varchar(11) NOT NULL,
  `customer_address` varchar(50) NOT NULL,
  `rent_balance` int(11) NOT NULL,
  `created_date` datetime NOT NULL DEFAULT CURRENT_TIMESTAMP
) ENGINE=InnoDB DEFAULT CHARSET=utf8;

--
-- Dumping data for table `customer`
--

INSERT INTO `customer` (`customer_id`, `customer_name`, `customer_phone`, `customer_address`, `rent_balance`, `created_date`) VALUES
(4, 'ဘေးအိမ်ရဲအိမ်သစ်', '09133456', 'အင်းမရဲစခန်း', 0, '2023-02-20 01:49:37'),
(5, 'ရဲအိမ်သစ်', '09123488', 'အင်းမ ', 0, '2023-02-20 01:55:25'),
(6, 'မော်ဒန်စားသောက်ဆိုင်', '09427684445', 'သီရိသုခ ဗောဓိပိုင်း', 0, '2023-02-20 22:54:08'),
(7, 'လင်းလင်းထမင်းဆိုင်', '09966380707', 'အလယ်ပိုင်း', 0, '2023-02-20 22:59:50'),
(8, 'မဝေလိုင်းခန်း', '09693933733', 'အလယ်ပိုင်း', 0, '2023-02-20 23:04:13'),
(9, 'စခန်းမှူး', '0911111111', 'ရဲစခန်း', 0, '2023-02-20 23:05:04'),
(10, 'ဆံပင်ရုံ ၁', '09757203587', 'ပန်းမမဘေး တိုးချဲ့ရပ်ကွက်', 0, '2023-02-20 23:06:28'),
(11, 'လေယာဉ်ကွင်း', '0918999999', 'လေယာဉ်ကွင်း ', 0, '2023-02-20 23:09:12'),
(13, 'မြတ်သိင်္ဂီစိုး အထည်', '09882295956', 'တိုးချဲ့ရပ်ကွက်', 0, '2023-02-20 23:10:57'),
(14, 'Top One လျှပ်စစ်ဆိုင', '09260283151', 'အရှေ့ပိုင်း', 0, '2023-02-20 23:12:20'),
(15, 'ဝင်းမော်ဦး ငါးဒိုင်', '0911111', 'ကန်၁၀၀', 0, '2023-02-20 23:12:51'),
(16, 'ဝင်းမော်ဦး ကန်', '0912345', 'ကန်', 0, '2023-02-20 23:13:14'),
(17, 'ရက္ခဌာနီ', '09943830476', 'ရေပြာ ', 0, '2023-02-20 23:15:12'),
(18, 'အသေး', '09958884471', 'ရေပြာ', 0, '2023-02-20 23:15:55'),
(19, 'စိုးယုဇော်', '09795354782', 'ရေပြာ', 0, '2023-02-20 23:16:47'),
(20, 'မမိုးဆွေ', '09254915122', 'ပတ္တမြားလမ်း', 0, '2023-02-20 23:17:48'),
(21, 'ထက်ထက်မြင့်အောင်', '09123456789', 'သရတယ', 0, '2023-02-20 23:18:19'),
(22, 'ထက်ထက်', '0911119999', 'ဘုရားကြီးကုန်း', 0, '2023-02-20 23:19:07'),
(23, 'ကိုဝေကြီး', '09678032345', 'ပတ္တမြား', 1, '2023-02-21 01:36:26'),
(24, 'ဗန္ဓာရိပ်', '09756239562', 'ရေနံမြေ', 0, '2023-02-21 03:31:51'),
(25, 'ကိုသန့်စင်', '09698320957', 'ဝါးတောသာ', 0, '2023-02-21 03:33:42'),
(26, 'ကိုသန့်စင်အစ်မ', '09123456899', 'ဝါးတောသာ', 1, '2023-02-21 03:37:39'),
(27, 'ရွှေလာဘံ', '02345667789', 'ရေနံမြေ', -1, '2023-02-21 03:38:36'),
(28, 'အင်ကြင်းမြိုင်', '0911111111', 'ရေနံမြေ', 0, '2023-02-21 03:40:56'),
(29, 'ထန်းကုန်းကုန်စုံဆိုင', '09', 'ထန်းကုန်း', 0, '2023-02-21 06:11:08'),
(30, 'ဝင်း စတိုး', '09', 'ထန်းကုန်း', 0, '2023-02-22 04:34:53'),
(31, 'သန်းဇော်ဦး', '09', 'ဝက်ပုတ်', -4, '2023-02-22 04:35:20'),
(32, 'မင်းမင်း', '09', 'ဝက်ပုတ်', 0, '2023-02-22 04:35:38'),
(33, 'ဦးညွန့်ဝင်း', '09', 'ဝက်ပုတ်', 0, '2023-02-22 04:36:01'),
(34, 'သီတာ ', '09', 'ဝက်ပုတ်', 0, '2023-02-22 04:36:25'),
(35, 'နီလာ', '09', 'ဝက်ပုတ်', -3, '2023-02-22 04:36:39'),
(36, 'သဲသဲ', '09', 'ဝက်ပုတ်', 0, '2023-02-22 04:37:00'),
(37, 'KCT mart', '09', 'ဝက်ပုတ်', 0, '2023-02-22 04:37:18'),
(38, 'ကောင်းခန့် ဆန်စက်', '09', 'ဝက်ပုတ်', 0, '2023-02-22 04:37:38'),
(39, 'ကိုဇော်ဝင်း', '09', 'ချားလျားကုန်း', 0, '2023-02-22 04:38:08'),
(40, 'ကိုဟိန်းလတ်', '09', 'ချားလျားကုန်း', 0, '2023-02-22 04:38:36'),
(41, 'ဘုန်းကြီးကျောင်း', '09', 'ချားလျားကုန်း', 0, '2023-02-22 04:39:22'),
(42, 'မရီမြင့်', '09', 'ချားလျားကုန်း', 0, '2023-02-22 04:39:43'),
(43, 'ဒေါ်အိချွဲ', '09', 'ချားလျားကုန်း', 0, '2023-02-23 02:08:22'),
(45, 'ကိုဇော်လေး', '09', 'အလယ်ပိုင်း', 0, '2023-02-24 01:52:40'),
(46, 'EPCရုံး', '09', 'သရတယ', 5, '2023-02-24 01:53:07'),
(48, 'ကိုသားကြီး', '09', 'မြို့မကွက်သစ်', -3, '2023-02-24 01:53:53'),
(49, 'အိဖြူ အကင်ဆိုင်', '09', 'အလယ်ပိုင်း', 0, '2023-02-24 01:54:22'),
(50, 'ဆင်နဂါးရှေ့', '09', 'ဗောဓိပိုင်း', 0, '2023-02-24 01:54:54'),
(51, 'ကိုစိုးဌေးAgent', '09780454328', 'နတ္တလင်း', -10, '2023-02-24 01:55:51'),
(52, 'ကိုတဆစ် ဆန်စက်', '09', 'ပေါင်းတည်', 0, '2023-02-24 01:56:18'),
(53, 'ဦးချိုကြီး အအေးဆိုင်', '09', 'အလယ်ပိုင်း', 0, '2023-02-24 01:56:45'),
(54, 'ကိုအောင်ကြီး (ဆေး)', '09', 'ကွက်သစ်လမ်း', 0, '2023-02-24 01:57:15'),
(55, 'မသက်', '09', 'ရွှေကူလမ်း', 0, '2023-02-24 01:57:34'),
(56, 'ဒေါ်တင်နွယ်ဝင်း', '09', 'ရွှေကူလမ်း', 0, '2023-02-24 01:57:58'),
(57, 'ဂျူလိုင်ထွန်း ', '09', 'ရွှေကူလမ်း', 2, '2023-02-24 01:58:22'),
(58, 'ဦးမောင်ဝင်း', '09', 'ရွှေကူလမ်း', 0, '2023-02-24 02:00:19'),
(59, 'ကိုမြတ်မင်း', '09', 'ပတ္တမြားလမ်း', 0, '2023-02-24 02:00:41'),
(60, 'ဦးလှသိန်း', '09', 'ပတ္တမြားလမ်း', 0, '2023-02-24 02:01:06'),
(61, 'ဒေါ်နွဲ့', '09', 'ချောက်ပေါက်', 0, '2023-02-24 02:01:26'),
(62, 'ဦးကိုအေး', '09', 'မြို့မလမ်း', 0, '2023-02-24 02:01:48'),
(63, 'ဦးသန်းလေး', '09', 'မြို့မလမ်း', 0, '2023-02-24 02:02:07'),
(64, 'ဦးသန်းဝင်း', '09', 'မြို့မလမ်း', 0, '2023-02-24 02:02:32'),
(65, 'ကိုမောင်လတ်', '09', 'မြို့မလမ်း', 0, '2023-02-24 02:02:50'),
(66, 'မဝေစက်ချုပ်ဆိုင်', '09', 'ငါးဆူလမ်း', 0, '2023-02-24 02:03:13'),
(67, 'ဦးသန်းမြင့်', '09', 'ငါးဆူလမ်း', 0, '2023-02-24 02:03:48'),
(68, 'ရွှေပဲဆီသန့်', '09', 'ထန်းတောလမ်း', 0, '2023-02-24 02:06:01'),
(69, 'ဦးစိုးနိုင် အိမ်', '09', 'မြို့မလမ်း', 0, '2023-02-24 02:06:22'),
(70, 'လှိုင်လှိုင်သူခြံ', '09', 'မြို့မလမ်း', -1, '2023-02-24 02:06:53'),
(71, 'ကိုစိုးKTV', '09', 'ပျားစည်', 0, '2023-02-24 02:07:13'),
(72, 'အားမာန်ဆေးခန်း', '09', 'အလယ်ပိုင်း', 0, '2023-02-24 02:07:36'),
(73, 'ဦးသန့်ရှင်း', '09', 'မြို့မလမ်း', 0, '2023-02-24 02:07:55'),
(74, 'ဦးသန်းစိုး-ငါးဆူ', '09', 'ငါးဆူ', 0, '2023-02-24 02:08:28'),
(76, 'ကိုမျိုးခိုင်ဦး', '09', 'သိမ်ကုန်းလမ်း', 0, '2023-02-24 02:09:45'),
(77, '2000ဆီဆိုင်', '09', 'ဗောဓိပိုင်း', 0, '2023-02-24 02:12:58'),
(78, 'မမျိုးမျိုး ကွမ်း', '09', 'ရေပြာ', 0, '2023-02-24 02:13:53'),
(79, 'ဆရာမ', '09', 'ကြံတိုင်းအောင်ကျောင်း', 0, '2023-02-24 02:14:18'),
(80, 'Lucky Plate seafood', '09', 'ထန်းကုန်း', 0, '2023-02-24 02:14:55'),
(82, 'ကိုခင်ဇော်အပေါင်ဆိုင', '09', 'အရှေ့ပိုင်း', 0, '2023-02-24 02:15:22'),
(83, 'ထူးဓန', '09', 'ဗောဓိပိုင်း', 0, '2023-02-24 02:16:02'),
(84, 'အောင်သိဒ္ဓိဆီစက်', '09', 'ဗောဓိပိုင်း', 0, '2023-02-24 02:36:13'),
(85, 'မိုးဆမ်းပန်း', '09', 'ဗောဓိပိုင်း', 0, '2023-02-24 02:36:50'),
(86, 'ကိုဖြိုးဖုန်းဆိုင်', '09', 'ဗောဓိပိုင်း', 0, '2023-02-24 02:37:34'),
(87, 'ပွိုင့်', '09', 'ဗောဓိပိုင်း', 0, '2023-02-24 02:38:17'),
(88, 'မမေဖြူ', '09', 'အလယ်ပိုင်း', 2, '2023-02-24 02:38:45'),
(89, 'ကိုဝင်းထွဋ်', '09', 'ခမရ၄', -1, '2023-02-24 02:39:10'),
(90, 'ကိုဇင်မင်းလတ်', '09', 'ခမရ၄', 0, '2023-02-24 02:39:41'),
(91, 'ကိုမျိုးမင်းထွန်း', '09', 'ခမရ၄', 0, '2023-02-24 02:40:04'),
(92, 'ကိုညီညီထွေး', '09', 'ခမရ၄', 0, '2023-02-24 02:40:21'),
(93, 'မဖြူပြာအေး', '09', 'ခမရ၄', -1, '2023-02-24 02:40:37'),
(94, 'ကိုကျော်ထင်', '09', 'ခမရ၄', 1, '2023-02-24 02:40:54'),
(95, 'မြန်မာလမ်း', '09', 'ခမရ၄', 0, '2023-02-24 02:41:19'),
(96, 'မသင်းသင်းခိုင်', '09', 'ခမရ၄', 0, '2023-02-24 02:41:52'),
(97, 'ကိုချစ်ဝိုင်း', '09', 'ခမရ၄', 0, '2023-02-24 02:42:16'),
(98, 'ကိုဇော်ထိုက်', '09', 'ခမရ၄', 0, '2023-02-24 02:43:04'),
(99, 'ကိုဝင်းထွဋ်ဘေး', '09', 'ခမရ၄', 0, '2023-02-24 02:43:28'),
(100, 'ခမရ၄ဂိတ်', '09', 'ခမရ၄', 0, '2023-02-24 02:43:46'),
(101, 'ကိုအောင်မောင်း', '09', 'မအူပင်ကွေ့', 0, '2023-02-24 02:44:06'),
(102, 'ဆံပင်ရုံ၂', '09', 'ဗောဓိပိုင်း', -3, '2023-02-24 02:45:15'),
(103, 'ဦးစိုးနိုင်ကန်ကျောင်', '09', 'တိုးချဲ့', 1, '2023-02-24 02:46:38'),
(104, 'ရွှေအင်းမ', '09', 'တိုးချဲ့', -1, '2023-02-24 02:46:59'),
(105, 'Royal Innma', '09', 'တိုးချဲ့', 0, '2023-02-24 02:47:17'),
(106, 'မထွဋ်၂အောင်', '09', 'ရေပြာ', 0, '2023-02-24 02:47:43'),
(107, 'Tr.ဒေါ်သန်းသန်း​ေဋ္ဌ', '09', 'ဗောဓိပိုင်း', 0, '2023-02-24 02:48:32'),
(108, 'ဦးစိုးဝင်း', '09', 'ရေပြာ', 0, '2023-02-24 02:52:06'),
(109, 'မမြူနှင်းဇင်', '09', 'ရေပြာ', 0, '2023-02-24 02:52:38'),
(110, 'မင်္ဂလာသစ်လွင်', '09', 'ရေပြာ', 0, '2023-02-24 02:53:13'),
(111, 'မစု', '09', 'ရေပြာ', 0, '2023-02-24 02:53:35'),
(112, 'မချို', '09', 'ရေပြာ', 0, '2023-02-24 02:53:49'),
(113, 'အိမ်ဆောက်', '09', 'ရေပြာ', 0, '2023-02-24 02:54:09'),
(114, 'မအိ-ရေပြာ', '09', 'ရေပြာ', 0, '2023-02-24 02:54:29'),
(115, 'ဆင်နဂါး', '09', 'တိုးချဲ့', 0, '2023-02-24 02:54:57'),
(116, 'နန်းတော်ဦးစတိုး', '09', 'တိုးချဲ့', 0, '2023-02-24 02:55:21'),
(117, 'Dr.ကျော်မျိုးနိုင်', '09', 'အင်းမဆေးရုံ', 0, '2023-02-24 02:55:59'),
(118, 'ကိုရဲကြီး+မယဉ်အေး', '09', 'ရွှေကူ', 0, '2023-02-24 02:56:34'),
(119, 'မဖြိုးဖြိုးNurse', '09', 'အင်းမဆေးရုံလိုင်းခန်း', 0, '2023-02-24 02:57:34'),
(120, 'အုန်းပင်သာ', '09', 'ရေပြာ', 0, '2023-02-24 02:58:39'),
(121, 'ကိုဇေလတ် ', '09', 'ရေပြာ', 0, '2023-02-24 03:02:28'),
(122, 'မွန်၂သင်း', '09', 'ရေပြာ', 0, '2023-02-24 03:02:42'),
(123, 'ဦးသောင်းဌေး', '09', 'ကြံတိုင်းအောင်', 0, '2023-02-24 03:03:09'),
(124, 'ဒေါ်ခင်ဝင်း', '09', 'ကြံတိုင်းအောင်', 0, '2023-02-24 03:03:50'),
(125, 'မနီနီဝင်းအသုတ်', '09', 'ကန်ကျောင်း', 0, '2023-02-24 03:04:17'),
(126, 'မိချောလေးမြေပဲလှော်', '09', 'တိုးချဲ့', 0, '2023-02-24 03:04:58'),
(127, 'ဦးစံကြီး', '09', 'ကန်ကျောင်း', 0, '2023-02-24 03:05:20'),
(128, 'ဦးသိန်းဌေး', '09', 'ကန်ကျောင်း', 0, '2023-02-24 03:05:40'),
(129, 'ကိုဘိုဘို', '09', 'ကန်ကျောင်း', 0, '2023-02-24 03:05:57'),
(130, 'ဝေဖြိုး သစ်ခွ', '​09', 'ဗောဓိပိုင်း', 0, '2023-02-24 03:06:18'),
(131, 'စိန်စီဖြိုး', '09', 'ဗောဓိပိုင်း', 0, '2023-02-24 03:08:39'),
(132, 'ကိုချိုကြီး ကျောက်', '09', 'ဗောဓိပိုင်း', 0, '2023-02-24 03:09:06'),
(133, 'မခိုင် Smile', '09', 'ဗောဓိပိုင်း', 0, '2023-02-24 03:09:41'),
(134, 'ကိုအောင်မိုးဇော်Agen', '09', 'တံခွန်တိုင်', 0, '2023-02-24 03:10:21'),
(135, 'ရတနာပုံဆန်စက်', '09', 'ဗောဓိပိုင်း', 0, '2023-02-24 03:10:47'),
(136, 'အ.ထ.က အင်းမ', '09', 'အင်းမကျောင်း', 0, '2023-02-24 03:11:19'),
(137, 'ကိုအောင်လေးTea', '09', 'ဗောဓိပိုင်း', 0, '2023-02-24 03:11:43'),
(138, 'မသင်းသင်း', '09', 'နွားပွဲဈေး', 0, '2023-02-24 03:12:10'),
(139, 'မချယ်ရီ', '09', 'နွားပွဲဈေး', 0, '2023-02-24 03:12:25'),
(140, 'ကြံတိုင်းအောင်ကျောင်', '09', 'ကြံတိုင်းအောင်', 2, '2023-02-24 03:12:46'),
(141, 'ဟိန်းစတိုး', '09', 'မအူကန်', 0, '2023-02-24 03:14:46'),
(142, 'မင်းမင်းအောင်', '09', 'တိုးချဲ့သစ်စိမ့်ပင်', 0, '2023-02-24 03:15:22'),
(143, 'ကိုတင်မောင်ဆွေ', '09', 'ဗောဓိပိုင်း', 0, '2023-02-24 03:16:15'),
(144, 'N2K စတိုး', '09', 'ဗောဓိပိုင်း', 0, '2023-02-24 03:16:39'),
(145, 'ကိုထိုက် cycle', '09', 'ဗောဓိပိုင်း', 0, '2023-02-24 03:17:07'),
(146, 'ဦးသန်းထွေး', '09', 'ဗောဓိပိုင်း', 0, '2023-02-24 03:17:27'),
(147, 'ကိုစလင်း', '09', 'ဗောဓိပိုင်း', 0, '2023-02-24 03:17:44'),
(148, 'ကိုကာစင်', '09', 'ဗောဓိပိုင်း', 0, '2023-02-24 03:18:02'),
(149, 'ကိုအောင်စိုး', '09', 'ဗောဓိပိုင်း', 0, '2023-02-24 03:18:48'),
(150, 'ဝင်းဆေးဆိုင်', '09', 'ဗောဓိပိုင်း', -1, '2023-02-24 03:19:07'),
(151, 'ပြုံးမင်းလတ်', '09', 'ကွက်သစ်', 0, '2023-02-24 03:19:40'),
(152, 'ရဲရင့်စိုး', '09', 'ကွက်သစ်', 0, '2023-02-24 03:19:54'),
(153, 'ကိုအောင်ကြီး(ဆိုင်)', '09', 'ကွက်သစ်', 0, '2023-02-24 03:20:21'),
(154, 'မစုသားကျူရှင်', '09', 'ကွက်သစ်', -1, '2023-02-24 03:23:43'),
(155, 'ဒေါ်အမာကြည်', '09', 'ဗောဓိပိုင်း', 0, '2023-02-24 03:24:20'),
(156, 'ကိုကျော်သူ ရွှေဆိုင်', '09', 'အလယ်ပိုင်း', 0, '2023-02-24 03:25:33'),
(157, 'စစ်ပိုင်မင်းရွှေဆိုင', '09', 'အလယ်ပိုင်း', 0, '2023-02-24 03:26:05'),
(158, 'တိုက်ဟုန်စတိုး', '09', 'အလယ်ပိုင်း', 0, '2023-02-24 03:27:16'),
(159, 'သားပေါက်', '09', 'အလယ်ပိုင်း', 0, '2023-02-24 03:27:32'),
(160, 'လှိုင်းBakery', '09', 'အလယ်ပိုင်း', 0, '2023-02-24 03:27:54'),
(161, 'မနုနု အလှပြင်', '09', 'အလယ်ပိုင်း', 0, '2023-02-24 03:28:20'),
(162, 'Tr.အေးအောင်', '09', 'အလယ်ပိုင်း', 0, '2023-02-24 03:34:22'),
(163, 'Tr.မိုးမိုးစံ', '09', 'မြို့မကွက်သစ်', -1, '2023-02-24 03:35:31'),
(164, 'ပန်းသီး အကင်', '09', 'မြို့မကွက်သစ်', 0, '2023-02-24 03:35:57'),
(165, 'ဦးခင်မောင်အုန်း', '09', 'မြို့မကွက်သစ်', 0, '2023-02-24 03:36:59'),
(166, 'ဦးသိန်းလွင်', '09', 'ရွှေကူ', 2, '2023-02-24 03:37:38'),
(167, 'ဒေါ်နုနုဝင်းအသုတ်', '09', 'ပတ္တမြား', 0, '2023-02-24 03:38:21'),
(168, 'မအိ', '09', 'ပတ္တမြား', 0, '2023-02-24 03:38:34'),
(169, 'မြတ် လျှပ်စစ်', '09', 'ပတ္တမြား', 0, '2023-02-24 03:39:49'),
(170, 'မီးမီးစတိုး', '09', 'ပတ္တမြား', 0, '2023-02-24 03:40:32'),
(173, 'ကိုသန်းဌေးဆီဆိုင်', '09', 'ပတ္တမြား', 0, '2023-02-24 03:41:51'),
(174, 'လှိုင်းအောင်', '09', 'ဗိုလ်ရုံလမ်း', 0, '2023-02-24 03:43:06'),
(175, 'မလဲ့', '09', 'ဗိုလ်ရုံလမ်း', 0, '2023-02-24 03:43:24'),
(176, 'Tr.မြင့်မြင့်ရီ', '09', 'ဗိုလ်ရုံလမ်း', 0, '2023-02-24 03:43:48'),
(177, 'ကိုတရုတ်+မဖွေး', '09', 'ဗိုလ်ရုံလမ်း', 0, '2023-02-24 03:44:21'),
(178, 'ရွှေပွင့်လွှာ', '09', 'ဗိုလ်ရုံလမ်း', 0, '2023-02-24 03:44:43'),
(179, 'ဒေါ်မွန်မွန်', '09', 'ဗိုလ်ရုံလမ်း', 0, '2023-02-24 03:45:05'),
(180, 'ဒေါ်သန်းနု', '09', 'ဗိုလ်ရုံလမ်း', 0, '2023-02-24 03:45:44'),
(181, 'မြူနှင်းဇင်', '09', 'ဗိုလ်ရုံလမ်း', 0, '2023-02-24 03:46:18'),
(182, 'ဦးလှဝင်း', '09', 'ဈေးပတ်လမ်း', 0, '2023-02-24 03:47:16'),
(183, 'မသန္တာကြီး', '09', 'ဈေးပတ်လမ်း', 0, '2023-02-24 03:47:38'),
(184, 'ဈေးရှေ့ဆန်ဆိုင်', '09', 'ဈေးရှေ့', 0, '2023-02-24 03:47:58'),
(185, 'ဒေါ်မာမာအေး', '09', 'ဗိုလ်ဘုရား', -2, '2023-02-24 03:48:51'),
(186, 'ဦးစိုးသိန်း', '09', 'ဗိုလ်ဘုရား', 0, '2023-02-24 03:49:27'),
(187, 'ကိုထွန်း၂အောင်', '09', 'ဗိုလ်ဘုရား', 0, '2023-02-24 03:50:41'),
(189, 'ကိုဇော်ဦးစံပယ်ပန်း', '09', 'ဗိုလ်ဘုရား', 0, '2023-02-24 03:51:10'),
(190, 'ရွှေပြည့်လျှံ', '09', 'ဗိုလ်ဘုရား', 0, '2023-02-24 03:51:28'),
(191, 'တော်ဝင်နီလာ', '09', 'အလယ်ပိုင်း', -1, '2023-02-24 03:52:10'),
(192, 'ပါရမီကဖေး', '09', 'အလယ်ပိုင်း', 0, '2023-02-24 03:52:31'),
(193, 'ငြိမ့်ကဖေး', '09', 'အလယ်ပိုင်း', 0, '2023-02-24 03:53:00'),
(194, 'မော်ဒန်အိမ်', '09', 'မြို့မကွက်သစ်', 1, '2023-02-24 03:53:25'),
(195, 'မော်ဒန်ဘေးသစ်ခွ', '09', 'မြို့မကွက်သစ်', 0, '2023-02-24 03:53:52'),
(196, 'ဝင်းဝင်းဇော်မာလာဆိုင', '09', 'အလယ်ပိုင်း', 0, '2023-02-24 03:56:33'),
(197, 'ဦးသောင်းထွန်း', '09', 'အရှေ့ပိုင်း', 0, '2023-02-24 03:59:36'),
(198, 'ကဝိစည်သူ', '09', 'အရှေ့ပိုင်း', 0, '2023-02-24 04:03:30'),
(199, 'Exchangeရုံး', '09', 'အရှေ့ပိုင်း', 0, '2023-02-27 04:39:42'),
(200, 'မမြတ်သူ', '09', 'အရှေ့ပိုင်း', 0, '2023-02-27 04:40:18'),
(202, '​Dawn ရုံး', '09', 'အရှေ့ပိုင်း', 0, '2023-02-27 04:41:47'),
(203, 'တံတားဂိတ်', '09', 'အရှေ့ပိုင်း', 0, '2023-02-27 04:42:49'),
(204, 'မြို့လယ်ဓမ္မာရုံ', '09', 'အလယ်ပိုင်း', 0, '2023-02-27 04:43:08'),
(205, 'ဒေါ်သန်းသန်း', '09', 'သရတယ', 0, '2023-02-27 04:44:45'),
(206, 'နုနု အိမ်', '09', 'သရတယ', 0, '2023-02-27 04:44:58'),
(207, 'ကေသီမြင့်အောင်', '09', 'သရတယ', 0, '2023-02-27 04:45:50'),
(208, 'ဦးဝတုတ်', '09', 'သရတယ', 0, '2023-02-27 04:46:05'),
(209, 'သီရိဇွန်', '09', 'သရတယ', 0, '2023-02-27 04:46:53'),
(210, 'သရတယကျောင်း', '09', 'သရတယ', 0, '2023-02-27 04:47:11'),
(211, 'Xmobile', '09', 'ဗိုလ်ရုံလမ်း', 0, '2023-02-28 02:32:58'),
(212, 'ဦးသန်းစိုး', '09', 'မြို့မလမ်း', 0, '2023-02-28 03:28:02'),
(213, 'ဒေါ်တင်တင်ချော', '09', 'ပတ္တမြား', 0, '2023-02-28 03:34:20'),
(214, 'ဒေါ်ခင်', '09', 'သိမ်ကုန်း', 0, '2023-02-28 03:36:29'),
(215, 'ဒေါ်ခင် သမီး', '09', 'သိမ်ကုန်း', 0, '2023-02-28 03:36:49'),
(216, 'ကိုကျော်ကြီး-သိမ်ကုန', '09', 'သိမ်ကုန်း', 0, '2023-02-28 03:37:28'),
(217, 'မြသန်းနု', '09', 'သိမ်ကုန်း', 0, '2023-02-28 03:37:44'),
(218, 'ဦးခင်အောင်', '09', 'သိမ်ကုန်း', 0, '2023-02-28 03:38:18'),
(219, 'မောင်အေး ဂဟေ', '09', 'သိမ်ကုန်း', 0, '2023-02-28 03:38:38'),
(220, 'အောင်ဇော်ဦး', '09', 'ထန်းတော', 0, '2023-02-28 03:41:28'),
(221, 'Tr.နီနီဝင်း', '09', 'ထန်းတော', -1, '2023-02-28 03:42:21'),
(222, 'ကိုနိုင်ဆန်ဆိုင်', '09', 'ထန်းတော', 0, '2023-02-28 03:42:38'),
(223, 'ဦးခင်မောင်ချင်း', '09', 'ထန်းတော', 0, '2023-02-28 03:43:22'),
(224, 'ဦးခင်မောင်ချင်း ညီမ', '09', 'မြို့မလမ်း', 0, '2023-02-28 03:43:51'),
(225, 'မရီဝင်း', '09', 'ငါးဆူ', 0, '2023-02-28 03:44:25'),
(227, 'ကိုမြင့်ခိုင်', '09', 'ထန်းတော', -1, '2023-02-28 03:45:18'),
(228, 'ထန်းတောစက်ဆိုင်', '09', 'ထန်းတော', 0, '2023-02-28 03:45:37'),
(229, 'မဝေစက်ဆိုင်', '09', 'ငါးဆူထိပ်', 0, '2023-02-28 03:46:05'),
(230, 'သရတယစက်ဆိုင်', '09', 'သရတယ', 0, '2023-02-28 03:46:22'),
(231, 'ရွှေမန်းဆန်စက်', '09', 'ဗောဓိ', -3, '2023-02-28 05:20:32'),
(232, 'ဦးဝင်းဟန်', '09', 'ဖလံကုန်း', -4, '2023-02-28 05:59:21'),
(233, 'ကိုကျော်အေး', '09', 'အလယ်ပိုင်း', 0, '2023-02-28 06:03:13'),
(234, 'ရွှေစင်ရွှေဆိုင်', '09', 'အလယ်ပိုင်း', 0, '2023-02-28 06:06:04'),
(235, 'မြတ်မွန်ရွှေဆိုင်', '09', 'အလယ်ပိုင်း', 0, '2023-02-28 06:07:06'),
(236, 'ကိုဇေလတ်cycleဆိုင်', '09', 'အလယ်ပိုင်း', 0, '2023-02-28 06:11:25'),
(237, 'ကိုဇော်ကြီး', '09', 'မြို့မလမ်း', 0, '2023-02-28 06:11:46'),
(238, 'ကိုဇော်ဌေး+မမာမာ', '09', 'ငါးဆူ', -2, '2023-02-28 07:43:12'),
(239, 'Tr.ခင်မျိုးအေး', '09', 'ပျားစည်', 0, '2023-02-28 07:45:30'),
(240, 'ကိုမြင့်ကို', '09', 'မြို့မကွက်သစ်', 0, '2023-02-28 08:07:05'),
(241, 'မြတ်စုလှိုင်', '09', 'အလယ်ပိုင်း', -1, '2023-02-28 08:25:14'),
(242, 'ကိုကျော်ကြီး', '09', 'ခမရ၄', 1, '2023-02-28 23:11:49'),
(243, 'ဆောက်လုပ်ရေးရုံး', '09', 'သိမ်ကုန်း', 0, '2023-03-01 22:52:21'),
(244, 'ဦးသောင်း', '09', 'ကြို့ကုန်း', 1, '2023-03-01 22:54:35'),
(245, 'ရွှေကံ့ကော် ဆုံဆီ', '09', 'ရေပြာ', 1, '2023-03-01 22:56:55'),
(246, 'တန်၁၀၀ဆန်စက်', '09', 'နတ္တလင်း', 9, '2023-03-02 03:26:40'),
(247, 'မိပြုံးကြီး', '09', 'သရတယ', 0, '2023-03-02 03:33:50'),
(249, 'Promise', '09', 'သရတယ', 0, '2023-03-02 07:12:30'),
(250, 'ကိုရဲနိုင်', '09', 'ချားလျားကုန်း', 0, '2023-03-02 07:14:58');

-- --------------------------------------------------------

--
-- Table structure for table `note`
--

CREATE TABLE `note` (
  `note_id` int(11) NOT NULL,
  `note_name` varchar(255) NOT NULL,
  `note_color` varchar(100) NOT NULL,
  `note_by` varchar(20) NOT NULL,
  `created_date` date DEFAULT NULL
) ENGINE=MyISAM DEFAULT CHARSET=utf8;

--
-- Dumping data for table `note`
--

INSERT INTO `note` (`note_id`, `note_name`, `note_color`, `note_by`, `created_date`) VALUES
(1, 'အဆင်မပြေတာရှိရင် ကျွန်တော့်ကို ဖုန်းဆက်ပါ ညီမ ဒီည Cost ပို့ပေးလိုက်ပါမယ်', 'alert-danger', 'Admin', '2023-02-21');

-- --------------------------------------------------------

--
-- Table structure for table `notification`
--

CREATE TABLE `notification` (
  `notification_id` int(11) NOT NULL,
  `notification_count` int(5) NOT NULL
) ENGINE=MyISAM DEFAULT CHARSET=utf8;

--
-- Dumping data for table `notification`
--

INSERT INTO `notification` (`notification_id`, `notification_count`) VALUES
(1, 4);

-- --------------------------------------------------------

--
-- Table structure for table `users`
--

CREATE TABLE `users` (
  `id` int(11) NOT NULL,
  `username` varchar(100) NOT NULL,
  `user_phone` varchar(100) NOT NULL,
  `user_type` varchar(100) NOT NULL,
  `password` varchar(255) NOT NULL
) ENGINE=MyISAM DEFAULT CHARSET=utf8;

--
-- Dumping data for table `users`
--

INSERT INTO `users` (`id`, `username`, `user_phone`, `user_type`, `password`) VALUES
(1, 'Admin', '09263230440', 'admin', '25d55ad283aa400af464c76d713c07ad'),
(2, 'Sale', '09263230440', 'sale', '5e8667a439c68f5145dd2fcbecf02209'),
(3, 'Purchase', '09263230440', 'purchase', '5e8667a439c68f5145dd2fcbecf02209');

-- --------------------------------------------------------

--
-- Table structure for table `water_distribution`
--

CREATE TABLE `water_distribution` (
  `distribution_id` int(11) NOT NULL,
  `sale_date` date NOT NULL,
  `customer_id` int(11) NOT NULL,
  `old_rent_balance` int(11) NOT NULL,
  `rent_no` int(11) NOT NULL,
  `return_no` int(11) NOT NULL,
  `new_rent_balance` int(11) NOT NULL,
  `date_created` datetime NOT NULL DEFAULT CURRENT_TIMESTAMP
) ENGINE=InnoDB DEFAULT CHARSET=utf8;

--
-- Dumping data for table `water_distribution`
--

INSERT INTO `water_distribution` (`distribution_id`, `sale_date`, `customer_id`, `old_rent_balance`, `rent_no`, `return_no`, `new_rent_balance`, `date_created`) VALUES
(2, '2023-02-21', 8, 0, 1, 1, 0, '2023-02-21 01:26:40'),
(3, '2023-02-21', 9, 0, 1, 1, 0, '2023-02-21 01:26:58'),
(4, '2023-02-21', 10, 0, 15, 15, 0, '2023-02-21 01:33:33'),
(5, '2023-02-21', 11, 0, 8, 8, 0, '2023-02-21 01:33:53'),
(6, '2023-02-21', 12, 0, 1, 3, -2, '2023-02-21 01:34:55'),
(7, '2023-02-21', 12, 0, 1, 3, -2, '2023-02-21 01:34:56'),
(8, '2023-02-21', 23, 0, 4, 3, 1, '2023-02-21 03:29:23'),
(9, '2023-02-23', 33, 0, 20, 20, 0, '2023-02-23 03:48:29'),
(10, '2023-02-23', 33, 0, 20, 20, 0, '2023-02-23 03:48:30'),
(11, '2023-02-01', 102, 0, 10, 12, -2, '2023-02-28 03:47:34'),
(12, '2023-02-01', 7, 0, 2, 2, 0, '2023-02-28 03:48:21'),
(13, '2023-02-01', 83, 0, 2, 1, 1, '2023-02-28 03:49:15'),
(14, '2023-02-01', 16, 0, 7, 7, 0, '2023-02-28 05:03:32'),
(15, '2023-02-01', 231, 0, 5, 5, 0, '2023-02-28 05:22:02'),
(16, '2023-02-01', 103, 0, 6, 5, 1, '2023-02-28 05:22:47'),
(17, '2023-02-01', 31, 0, 20, 20, 0, '2023-02-28 05:23:11'),
(18, '2023-02-01', 35, 0, 6, 9, -3, '2023-02-28 05:23:32'),
(19, '2023-02-01', 232, 0, 6, 10, -4, '2023-02-28 06:01:35'),
(20, '2023-02-01', 24, 0, 30, 30, 0, '2023-02-28 06:02:03'),
(21, '2023-02-01', 61, 0, 3, 3, 0, '2023-02-28 06:02:28'),
(22, '2023-02-01', 233, 0, 3, 3, 0, '2023-02-28 06:03:40'),
(23, '2023-02-01', 18, 0, 2, 2, 0, '2023-02-28 06:04:02'),
(24, '2023-02-01', 120, 0, 1, 1, 0, '2023-02-28 06:04:24'),
(25, '2023-02-01', 234, 0, 1, 1, 0, '2023-02-28 06:07:42'),
(26, '2023-02-01', 236, 0, 2, 2, 0, '2023-02-28 06:12:29'),
(27, '2023-02-01', 237, 0, 1, 1, 0, '2023-02-28 06:12:53'),
(28, '2023-02-01', 238, 0, 0, 2, -2, '2023-02-28 07:43:43'),
(29, '2023-02-01', 224, 0, 1, 1, 0, '2023-02-28 07:44:26'),
(30, '2023-02-01', 205, 0, 2, 2, 0, '2023-02-28 07:44:52'),
(31, '2023-02-01', 239, 0, 2, 2, 0, '2023-02-28 07:45:51'),
(32, '2023-02-01', 71, 0, 6, 6, 0, '2023-02-28 07:46:14'),
(33, '2023-02-01', 62, 9, 1, 1, 9, '2023-02-28 07:46:48'),
(34, '2023-02-01', 84, 0, 3, 3, 0, '2023-02-28 07:51:24'),
(35, '2023-02-01', 55, 0, 2, 2, 0, '2023-02-28 07:51:44'),
(36, '2023-02-01', 56, 0, 2, 2, 0, '2023-02-28 07:52:04'),
(37, '2023-02-01', 57, 0, 2, 0, 2, '2023-02-28 08:01:38'),
(38, '2023-02-01', 166, 0, 2, 0, 2, '2023-02-28 08:02:10'),
(39, '2023-02-01', 59, 0, 1, 1, 0, '2023-02-28 08:02:33'),
(40, '2023-02-01', 23, 1, 2, 2, 1, '2023-02-28 08:03:03'),
(41, '2023-02-01', 213, 0, 2, 2, 0, '2023-02-28 08:03:32'),
(42, '2023-02-01', 169, 0, 1, 1, 0, '2023-02-28 08:04:01'),
(43, '2023-02-01', 174, 0, 3, 3, 0, '2023-02-28 08:04:25'),
(44, '2023-02-01', 175, 0, 1, 1, 0, '2023-02-28 08:04:47'),
(45, '2023-02-01', 196, 0, 1, 1, 0, '2023-02-28 08:05:17'),
(46, '2023-02-01', 5, 0, 1, 1, 0, '2023-02-28 08:05:38'),
(47, '2023-02-01', 8, 0, 1, 1, 0, '2023-02-28 08:06:08'),
(48, '2023-02-01', 240, 0, 1, 1, 0, '2023-02-28 08:08:06'),
(49, '2023-02-01', 241, 0, 0, 1, -1, '2023-02-28 21:04:00'),
(50, '2023-02-01', 164, 0, 0, 1, -1, '2023-02-28 21:04:17'),
(51, '2023-02-02', 93, 0, 4, 5, -1, '2023-02-28 21:04:54'),
(52, '2023-02-02', 89, 0, 17, 18, -1, '2023-02-28 21:05:24'),
(53, '2023-02-02', 91, 0, 8, 8, 0, '2023-02-28 21:31:11'),
(57, '2023-02-02', 96, 0, 3, 3, 0, '2023-02-28 23:20:27'),
(58, '2023-02-02', 95, 0, 7, 7, 0, '2023-02-28 23:21:43'),
(59, '2023-02-02', 94, 0, 1, 0, 1, '2023-02-28 23:22:03'),
(60, '2023-02-02', 242, 0, 1, 0, 1, '2023-02-28 23:22:35'),
(61, '2023-02-02', 138, 0, 2, 2, 0, '2023-02-28 23:22:59'),
(62, '2023-02-02', 25, 0, 25, 25, 0, '2023-02-28 23:23:23'),
(63, '2023-02-02', 26, 0, 10, 9, 1, '2023-02-28 23:23:51'),
(64, '2023-02-02', 87, 0, 3, 3, 0, '2023-02-28 23:24:14'),
(65, '2023-02-02', 176, 0, 2, 2, 0, '2023-02-28 23:24:41'),
(66, '2023-02-02', 88, 0, 5, 3, 2, '2023-02-28 23:25:00'),
(67, '2023-02-02', 15, 0, 10, 10, 0, '2023-02-28 23:25:23'),
(68, '2023-02-02', 46, 0, 10, 5, 5, '2023-02-28 23:25:43'),
(69, '2023-02-02', 140, 0, 5, 3, 2, '2023-02-28 23:26:23'),
(70, '2023-02-02', 24, 0, 15, 15, 0, '2023-03-01 22:51:14'),
(71, '2023-02-02', 80, 0, 10, 10, 0, '2023-03-01 22:51:33'),
(72, '2023-02-02', 243, 0, 2, 2, 0, '2023-03-01 22:53:11'),
(73, '2023-02-02', 31, 0, 25, 29, -4, '2023-03-01 22:53:35'),
(74, '2023-02-02', 51, 0, 110, 115, -5, '2023-03-01 22:54:01'),
(75, '2023-02-02', 244, 0, 1, 0, 1, '2023-03-01 22:54:58'),
(76, '2023-02-02', 28, 0, 2, 2, 0, '2023-03-01 22:55:28'),
(77, '2023-02-02', 27, 0, 5, 6, -1, '2023-03-01 22:56:01'),
(78, '2023-02-02', 245, 0, 3, 2, 1, '2023-03-01 22:57:26'),
(79, '2023-03-02', 194, 0, 5, 4, 1, '2023-03-01 23:02:10'),
(80, '2023-03-02', 104, 0, 3, 4, -1, '2023-03-01 23:02:30'),
(81, '2023-03-02', 151, 0, 5, 5, 0, '2023-03-01 23:02:49'),
(82, '2023-03-02', 138, 0, 2, 2, 0, '2023-03-02 03:24:34'),
(83, '2023-03-02', 112, 0, 2, 2, 0, '2023-03-02 03:24:52'),
(84, '2023-03-02', 50, 0, 2, 2, 0, '2023-03-02 03:25:10'),
(85, '2023-03-02', 13, 0, 3, 3, 0, '2023-03-02 03:25:27'),
(86, '2023-03-02', 51, -5, 101, 106, -10, '2023-03-02 03:25:50'),
(87, '2023-03-02', 246, 0, 20, 11, 9, '2023-03-02 03:27:00'),
(88, '2023-03-02', 7, 0, 1, 1, 0, '2023-03-02 03:30:54'),
(89, '2023-03-02', 53, 0, 2, 2, 0, '2023-03-02 03:31:15'),
(90, '2023-03-02', 178, 0, 2, 2, 0, '2023-03-02 03:31:38'),
(91, '2023-03-02', 219, 0, 2, 2, 0, '2023-03-02 03:31:58'),
(92, '2023-03-02', 82, 0, 1, 1, 0, '2023-03-02 03:32:13'),
(93, '2023-03-02', 21, 0, 3, 3, 0, '2023-03-02 03:32:44'),
(94, '2023-03-02', 200, 0, 2, 2, 0, '2023-03-02 03:33:11'),
(95, '2023-03-02', 247, 0, 2, 2, 0, '2023-03-02 03:34:30'),
(96, '2023-03-02', 206, 0, 1, 1, 0, '2023-03-02 03:38:33'),
(98, '2023-03-02', 205, 0, 2, 2, 0, '2023-03-02 03:49:02'),
(99, '2023-03-02', 14, 0, 2, 2, 0, '2023-03-02 03:58:38'),
(100, '2023-03-02', 191, 0, 0, 1, -1, '2023-03-02 03:59:27'),
(101, '2023-03-02', 72, 0, 1, 1, 0, '2023-03-02 03:59:54'),
(102, '2023-03-02', 221, 0, 1, 2, -1, '2023-03-02 04:03:25'),
(103, '2023-03-02', 73, 0, 1, 1, 0, '2023-03-02 04:05:30'),
(104, '2023-03-02', 63, 0, 3, 3, 0, '2023-03-02 04:05:48'),
(105, '2023-03-02', 61, 0, 2, 2, 0, '2023-03-02 04:06:04'),
(106, '2023-03-02', 23, 1, 3, 3, 1, '2023-03-02 04:09:09'),
(107, '2023-03-02', 59, 0, 1, 1, 0, '2023-03-02 04:11:01'),
(108, '2023-03-02', 20, 0, 1, 1, 0, '2023-03-02 04:21:22'),
(109, '2023-03-02', 173, 0, 3, 3, 0, '2023-03-02 04:26:01'),
(110, '2023-03-02', 166, 2, 2, 2, 2, '2023-03-02 04:26:24'),
(111, '2023-03-02', 55, 0, 1, 1, 0, '2023-03-02 04:26:40'),
(112, '2023-03-02', 149, 0, 1, 1, 0, '2023-03-02 04:27:03'),
(113, '2023-03-02', 154, 0, 0, 1, -1, '2023-03-02 04:27:21'),
(114, '2023-03-02', 54, 0, 2, 2, 0, '2023-03-02 04:27:49'),
(115, '2023-03-02', 153, 0, 1, 1, 0, '2023-03-02 04:28:15'),
(116, '2023-03-02', 84, 0, 4, 4, 0, '2023-03-02 04:28:44'),
(117, '2023-03-02', 83, 1, 0, 1, 0, '2023-03-02 04:29:00'),
(118, '2023-03-02', 197, 0, 3, 3, 0, '2023-03-02 04:30:14'),
(119, '2023-03-02', 24, 0, 30, 30, 0, '2023-03-02 04:30:42'),
(120, '2023-03-02', 25, 0, 15, 15, 0, '2023-03-02 04:31:03'),
(121, '2023-03-02', 29, 0, 2, 2, 0, '2023-03-02 04:31:21'),
(122, '2023-03-02', 30, 0, 3, 3, 0, '2023-03-02 04:32:31'),
(123, '2023-03-02', 27, -1, 2, 2, -1, '2023-03-02 04:33:06'),
(124, '2023-03-02', 26, 1, 3, 3, 1, '2023-03-02 04:35:06'),
(125, '2023-03-01', 231, 0, 8, 11, -3, '2023-03-02 04:35:52'),
(126, '2023-03-01', 10, 0, 19, 19, 0, '2023-03-02 04:37:07'),
(127, '2023-03-01', 102, -2, 10, 11, -3, '2023-03-02 04:37:39'),
(128, '2023-03-01', 126, 0, 2, 2, 0, '2023-03-02 04:38:58'),
(129, '2023-03-01', 77, 0, 5, 5, 0, '2023-03-02 04:39:16'),
(130, '2023-03-01', 24, 0, 20, 20, 0, '2023-03-02 04:39:45'),
(131, '2023-03-01', 26, 1, 10, 10, 1, '2023-03-02 04:40:07'),
(132, '2023-03-01', 25, 0, 19, 19, 0, '2023-03-02 04:40:28'),
(133, '2023-03-01', 30, 0, 3, 3, 0, '2023-03-02 04:40:50'),
(134, '2023-03-01', 29, 0, 2, 2, 0, '2023-03-02 04:41:32'),
(135, '2023-03-01', 6, 0, 3, 3, 0, '2023-03-02 04:41:47'),
(136, '2023-03-01', 85, 0, 3, 3, 0, '2023-03-02 04:42:09'),
(137, '2023-03-01', 7, 0, 1, 1, 0, '2023-03-02 07:02:18'),
(138, '2023-03-01', 5, 0, 2, 2, 0, '2023-03-02 07:03:06'),
(139, '2023-03-01', 163, 0, 1, 2, -1, '2023-03-02 07:03:24'),
(140, '2023-03-01', 164, -1, 3, 2, 0, '2023-03-02 07:03:45'),
(141, '2023-03-01', 5, 0, 2, 2, 0, '2023-03-02 07:04:06'),
(142, '2023-03-01', 240, 0, 1, 1, 0, '2023-03-02 07:04:48'),
(143, '2023-03-01', 48, 0, 0, 3, -3, '2023-03-02 07:05:24'),
(144, '2023-03-01', 62, 0, 3, 3, 0, '2023-03-02 07:05:43'),
(145, '2023-03-01', 70, 0, 6, 7, -1, '2023-03-02 07:09:11'),
(146, '2023-03-01', 185, 0, 0, 2, -2, '2023-03-02 07:09:28'),
(147, '2023-03-01', 190, 0, 3, 3, 0, '2023-03-02 07:10:31'),
(148, '2023-03-01', 249, 0, 2, 2, 0, '2023-03-02 07:12:54'),
(149, '2023-03-01', 227, 0, 2, 3, -1, '2023-03-02 07:13:12'),
(150, '2023-03-01', 59, 0, 2, 2, 0, '2023-03-02 07:13:36'),
(151, '2023-03-01', 150, 0, 0, 1, -1, '2023-03-02 07:14:13'),
(152, '2023-03-01', 250, 0, 1, 1, 0, '2023-03-02 07:15:24');

--
-- Indexes for dumped tables
--

--
-- Indexes for table `customer`
--
ALTER TABLE `customer`
  ADD PRIMARY KEY (`customer_id`),
  ADD UNIQUE KEY `customer_name` (`customer_name`);

--
-- Indexes for table `note`
--
ALTER TABLE `note`
  ADD PRIMARY KEY (`note_id`);

--
-- Indexes for table `water_distribution`
--
ALTER TABLE `water_distribution`
  ADD PRIMARY KEY (`distribution_id`);

--
-- AUTO_INCREMENT for dumped tables
--

--
-- AUTO_INCREMENT for table `customer`
--
ALTER TABLE `customer`
  MODIFY `customer_id` int(11) NOT NULL AUTO_INCREMENT, AUTO_INCREMENT=251;

--
-- AUTO_INCREMENT for table `note`
--
ALTER TABLE `note`
  MODIFY `note_id` int(11) NOT NULL AUTO_INCREMENT, AUTO_INCREMENT=2;

--
-- AUTO_INCREMENT for table `water_distribution`
--
ALTER TABLE `water_distribution`
  MODIFY `distribution_id` int(11) NOT NULL AUTO_INCREMENT, AUTO_INCREMENT=153;
COMMIT;

/*!40101 SET CHARACTER_SET_CLIENT=@OLD_CHARACTER_SET_CLIENT */;
/*!40101 SET CHARACTER_SET_RESULTS=@OLD_CHARACTER_SET_RESULTS */;
/*!40101 SET COLLATION_CONNECTION=@OLD_COLLATION_CONNECTION */;
